CODE,MeanSalience,SumSalience,SmithsS
OR01,1,1,1
OR02,0.6666666666666666,0.6666666666666666,0.6666666666666666
SA03,0.3333333333333333,0.3333333333333333,0.3333333333333333
