actor,betweenness,scaled_betweenness,eigen,scaled_eigen,color_code,keystatus
NC01,21.333333333333332,0.1887905604719764,0.2433650489525854,0.24181798802518692,NC,Hub
NC02,96.33333333333334,0.8525073746312685,0.9999999999999997,0.9999999999999997,NC,Hub
NC03,96.33333333333334,0.8525073746312685,1,1,NC,Hub
SA01,19,0.168141592920354,0.508855079913111,0.5078508557300954,SA,Hub
ST02,112,0.9911504424778761,0.48363522332347714,0.4825794331182068,ST,Hub
ST04,19,0.168141592920354,0.5088550799131112,0.5078508557300956,ST,Hub
FL02,41,0.36283185840707965,0.008995799685135064,0.00696953341885623,FL,Gatekeeper
FL03,113,1,0.13217947363624502,0.1304050760532716,FL,Gatekeeper
IL01,65.5,0.5796460176991151,0.03557837671965845,0.03360646277509399,IL,Gatekeeper
