actor,betweenness,scaled_betweenness,eigen,scaled_eigen,color_code,keystatus
NC02,48.33333333333333,1,0.999999999999999,0.9999999999999989,NC,Hub
NC03,48.33333333333333,1,1,1,NC,Hub
SA01,11,0.22758620689655173,0.5115858042091114,0.48261309530952046,SA,Hub
ST04,11,0.22758620689655173,0.5115858042091114,0.48261309530952046,ST,Hub
NC01,13.333333333333332,0.27586206896551724,0.24582820972553565,0.2010907718537247,NC,Gatekeeper
