actor,betweenness,scaled_betweenness,eigen,scaled_eigen,color_code,keystatus
PA01,21.33333333333333,0.16509396636993076,0.4283659637325709,0.37486873015144984,PA,Hub
PA05,2.3333333333333335,0.026963402571711176,0.39905972579744087,0.34281982373136255,PA,Hub
PA06,27.5,0.2099258160237389,0.3271805993713994,0.2642137808307012,PA,Hub
PA07,61.033333333333324,0.4537141444114738,0.638047811610538,0.6041739700634084,PA,Hub
PA08,26.033333333333335,0.19926310583580617,0.5443336140994681,0.5016893880125146,PA,Hub
PA10,22.266666666666666,0.17187932739861525,0.39673694694584505,0.3402796641170807,PA,Hub
UF01,134.79999999999998,0.99,1,1,UF,Hub
UF02,9.333333333333332,0.07785361028684469,0.41303537024850356,0.358103399950322,UF,Hub
US01,13.866666666666667,0.11081107814045502,0.525686636509138,0.48129730489584893,US,Hub
