actor,betweenness,scaled_betweenness,eigen,scaled_eigen,color_code,keystatus
FL03,15,0.9090909090909091,1,1,FL,Hub
IL01,16.5,1,0.9202576763150867,0.8955897051156478,IL,Hub
FL02,13,0.7878787878787878,0.573635392240912,0.44174119379468496,FL,Gatekeeper
